User,Occurrences,Subreddits
Mawnix,4,"Berserk, OnePiece"
Su_Impact,4,"BokuNoHeroAcademia, OnePiece"
Starob,3,"dbz, OnePiece"
icantplaynomore,12,"Berserk, OnePiece"
Soul699,3,"OnePunchMan, BokuNoHeroAcademia, OnePiece"
SomePoliticalViolins,3,"JuJutsuKaisen, OnePiece"
Brook420,27,"HunterXHunter, sololeveling, Naruto, OnePiece"
ravenarkhan,2,"HunterXHunter, OnePiece"
Force3vo,3,"ShingekiNoKyojin, OnePiece"
Over-Writer6076,9,"Naruto, OnePiece"
Kureiton,9,"dbz, OnePiece"
RubyHoshi,6,"BokuNoHeroAcademia, OnePiece"
Due-Ad9310,2,"sololeveling, OnePiece"
ShinobiArtist23,37,"Naruto, OnePiece"
Fastnacht,2,"dbz, OnePiece"
Attila_D_Max,4,"Berserk, OnePiece"
pjjiveturkey,5,"JuJutsuKaisen, OnePiece"
Left_Solution3509,6,"BlackClover, OnePiece"
jbahill75,3,"OnePunchMan, Naruto"
Alchion,3,"dbz, sololeveling, Naruto"
ValentDs22,10,"dbz, Naruto"
Za_wardo,287,"BokuNoHeroAcademia, Naruto"
Ellek10,4,"dbz, Naruto"
Professor_Crab,8,"dbz, Naruto"
mlc885,5,"dbz, Naruto"
jwhudexnls,3,"dbz, Naruto"
Gisrupted,3,"OnePunchMan, Naruto"
ThePr0l0gue,7,"bleach, JuJutsuKaisen, Naruto"
Ebenezerosas16,14,"bleach, SpyxFamily, Naruto"
Anjunabeast,9,"dbz, Naruto"
Optimal_Confection_5,2,"JuJutsuKaisen, Naruto"
SuperDeeDuperVegeta,2,"JuJutsuKaisen, Naruto"
PizzaDelivery_WOF,2,"ShingekiNoKyojin, Naruto"
Ensaru4,2,"JuJutsuKaisen, Naruto"
ILoveYorihime,3,"JuJutsuKaisen, Naruto"
WarSamaYT,4,"ShingekiNoKyojin, Naruto"
Character_Nosense,14,"bleach, Naruto"
Le_mehawk,6,"dbz, Naruto"
Yergason,2,"JuJutsuKaisen, Naruto"
PrincessHyuga17,202,"bleach, Naruto"
That_Relationship808,17,"JuJutsuKaisen, Naruto"
JustAGuyIscool,3,"Naruto, BlackClover"
AlphaMasterSage,2,"deathnote, Naruto"
KlingoftheCastle,5,"OnePunchMan, dbz"
AhTreyYou,2,"JuJutsuKaisen, dbz"
yohxmv,2,"JuJutsuKaisen, dbz"
Rioraku,3,"BokuNoHeroAcademia, dbz"
Beeyo176,4,"Berserk, dbz"
Doobie_Howitzer,6,"BokuNoHeroAcademia, dbz"
mg10pp,2,"ShingekiNoKyojin, dbz"
GoldenSpermShower,11,"OnePunchMan, BokuNoHeroAcademia"
RemindMeBot,3,"OnePunchMan, BokuNoHeroAcademia, ChainsawMan"
nicokokun,2,"OnePunchMan, sololeveling"
Funny-Obligation1989,2,"OnePunchMan, BokuNoHeroAcademia"
Diego-Aguilar35,4,"OnePunchMan, ChainsawMan, SpyxFamily"
Lox22,177,"OnePunchMan, JuJutsuKaisen"
DeadSnark,2,"ShingekiNoKyojin, JuJutsuKaisen"
Sad_Net_1396,8,"ShingekiNoKyojin, ChainsawMan"
Internal-Flamingo455,5,"ShingekiNoKyojin, JuJutsuKaisen"
SennKazuki,2,"ShingekiNoKyojin, sololeveling"
siamkor,2,"ShingekiNoKyojin, JuJutsuKaisen"
KenanTheFab,6,"ShingekiNoKyojin, JuJutsuKaisen"
SnooChipmunks2021,2,"ShingekiNoKyojin, BokuNoHeroAcademia"
MerryZap,2,"ShingekiNoKyojin, Berserk"
ConsciousConcoction,3,"ShingekiNoKyojin, JuJutsuKaisen"
tokyogodfather2,6,"JuJutsuKaisen, BokuNoHeroAcademia"
zargon21,2,"HunterXHunter, JuJutsuKaisen"
Worthyness,2,"JuJutsuKaisen, SpyxFamily"
ApplePitou,12,"HunterXHunter, JuJutsuKaisen, BlackClover"
TheFlyingToasterr,10,"HunterXHunter, JuJutsuKaisen"
CrowBright5352,14,"JuJutsuKaisen, ChainsawMan"
Berawholoves42069,6,"bleach, JuJutsuKaisen"
SubstantialCup3270,2,"JuJutsuKaisen, BlackClover"
ouyon,4,"JuJutsuKaisen, sololeveling"
_Resnad_,10,"JuJutsuKaisen, sololeveling"
Delusional_Gamer,3,"Berserk, JuJutsuKaisen"
Spiderman-y2099,84,"JuJutsuKaisen, SpyxFamily"
AgentP20,7,"sololeveling, JuJutsuKaisen, BokuNoHeroAcademia"
Cyberxton,2,"Berserk, JuJutsuKaisen"
DegreeMajor5966,3,"HunterXHunter, JuJutsuKaisen"
noex1337,2,"JuJutsuKaisen, BokuNoHeroAcademia"
heimdall5566,3,"bleach, JuJutsuKaisen"
RandomGooseBoi,2,"JuJutsuKaisen, sololeveling"
Lakshay2909,5,"JuJutsuKaisen, sololeveling"
Arrbe,2,"JuJutsuKaisen, ChainsawMan"
FrostandFlame89,123,"HunterXHunter, JuJutsuKaisen"
Fearshatter,6,"JuJutsuKaisen, BokuNoHeroAcademia"
UnbiasedGod,16,"BokuNoHeroAcademia, BlackClover"
Sudden_Pop_2279,90,"deathnote, BokuNoHeroAcademia"
suop4747,3,"sololeveling, BokuNoHeroAcademia"
Rafoudrsbois,5,"Berserk, BokuNoHeroAcademia"
Raditz_lol,3,"BokuNoHeroAcademia, BlackClover"
Lilymoon2653,23,"SpyxFamily, BokuNoHeroAcademia"
Money-Lie7814,95,"SpyxFamily, BokuNoHeroAcademia, BlackClover"
Useful-Tumbleweed-22,18,"HunterXHunter, BokuNoHeroAcademia"
Left-Philosopher-248,206,"HunterXHunter, bleach, BlackClover"
hinafu,2,"Berserk, SpyxFamily"
PitchOutrageous1563,2,"bleach, Berserk"
D-Biggest_Wheel,13,"bleach, Berserk"
SartieeSquared,2,"Berserk, sololeveling"
AndrewFrozzen30,3,"sololeveling, BlackClover"
Jaegerjaquez_VI,2,"bleach, sololeveling"
AGamingGuy,3,"sololeveling, ChainsawMan"
IC2Flier,3,"SpyxFamily, ChainsawMan"
SonOfKarma101,18,"SpyxFamily, deathnote"
